timestamp,x,y,SOG,COG,x_true,y_true,vx_true,vy_true,sog_true,cog_true,pos_error,sog_error,cog_error,segment,segment_name,MMSI
21-Jul-2025 11:57:17,43.598627978339,29.9490249006334,5.81140944164054,29.5485943976877,43.3012701892219,25,4.33012701892219,2.5,5,30,4.9579500927135,0.81140944164054,0.451405602312256,1,Const Vel 1,976423754
21-Jul-2025 11:57:27,83.9830153460532,51.937196561904,6.08397342424295,32.0978613273887,86.6025403784439,50,4.33012701892219,2.5,5,30,3.25801195743262,1.08397342424295,2.09786132738872,1,Const Vel 1,976423754
21-Jul-2025 11:57:37,122.022633732963,68.5581227806876,4.46272547957972,28.827529768346,129.903810567666,75,4.33012701892219,2.5,5,30,10.1789356225762,0.537274520420282,1.17247023165396,1,Const Vel 1,976423754
21-Jul-2025 11:57:47,182.705841595747,106.925683975215,5.96787296098565,30.8444173400437,173.205080756888,100,4.33012701892219,2.5,5,30,11.7571065760991,0.967872960985654,0.844417340043714,1,Const Vel 1,976423754
21-Jul-2025 11:57:57,222.389708554371,123.746069744301,3.66100557692083,31.0595485154835,216.50635094611,125,4.33012701892219,2.5,5,30,6.01549979908916,1.33899442307917,1.05954851548351,1,Const Vel 1,976423754
21-Jul-2025 11:58:07,258.715433814979,146.923784174717,3.7814655029471,27.4989405890802,259.807621135332,150,4.33012701892219,2.5,5,30,3.26434939099059,1.2185344970529,2.50105941091984,1,Const Vel 1,976423754
21-Jul-2025 11:58:17,300.28080481709,174.59994292049,2.45763252505584,30.5876673174918,303.108891324554,175,4.33012701892219,2.5,5,30,2.8562421046827,2.54236747494416,0.587667317491798,1,Const Vel 1,976423754
21-Jul-2025 11:58:27,343.183887718103,197.440315613093,4.75791015038709,33.4236795366122,346.410161513776,200,4.33012701892219,2.5,5,30,4.11835243334223,0.242089849612912,3.4236795366122,1,Const Vel 1,976423754
21-Jul-2025 11:58:37,389.12098116924,226.2564303988,6.31026767887994,26.7594774343696,389.711431702998,225,4.33012701892219,2.5,5,30,1.38825400407941,1.31026767887994,3.24052256563035,1,Const Vel 1,976423754
21-Jul-2025 11:58:47,420.488747829864,256.706604266553,5.67557224881576,28.5747538983152,433.012701892219,250,4.33012701892219,2.5,5,30,14.2066169844952,0.675572248815756,1.42524610168479,1,Const Vel 1,976423754
21-Jul-2025 11:58:57,480.810682093725,280.741908206742,4.97199209663782,27.6009787561266,476.313972081441,275,4.33012701892219,2.5,5,30,7.2931413526144,0.0280079033621794,2.39902124387342,1,Const Vel 1,976423754
21-Jul-2025 11:59:07,513.305630351521,304.217328486728,4.58110178909696,29.4140978820758,519.615242270663,300,4.33012701892219,2.5,5,30,7.58927283309474,0.418898210903039,0.585902117924236,1,Const Vel 1,976423754
21-Jul-2025 11:59:17,571.039874922643,325.266580432373,5.73815697076081,27.2843261869434,562.916512459885,325,4.33012701892219,2.5,5,30,8.12773540589667,0.738156970760806,2.71567381305658,1,Const Vel 1,976423754
21-Jul-2025 11:59:27,614.481072639022,350.128043944056,4.39148006906565,29.8146858533045,606.217782649107,350,4.33012701892219,2.5,5,30,8.26428198387769,0.608519930934355,0.185314146695517,1,Const Vel 1,976423754
21-Jul-2025 11:59:37,643.65362922733,375.515802758924,4.42280566926852,30.6472500361253,649.519052838329,375,4.33012701892219,2.5,5,30,5.88805966533809,0.57719433073148,0.647250036125283,1,Const Vel 1,976423754
21-Jul-2025 11:59:47,688.329996047103,410.260486637735,6.69562474678581,29.6223940738064,692.820323027551,400,4.33012701892219,2.5,5,30,11.2000277872189,1.69562474678581,0.377605926193633,1,Const Vel 1,976423754
21-Jul-2025 11:59:57,734.876008039412,432.888769223736,3.94125831815592,30.1067594011661,736.121593216773,425,4.33012701892219,2.5,5,30,7.98649875098149,1.05874168184408,0.106759401166144,1,Const Vel 1,976423754
21-Jul-2025 12:00:07,784.296108288376,441.738320046944,6.20455427675171,27.6541361479389,779.422863405995,450,4.33012701892219,2.5,5,30,9.59186485154874,1.20455427675171,2.34586385206107,1,Const Vel 1,976423754
21-Jul-2025 12:00:17,824.197294419808,472.383877202641,4.42431383362362,30.8153818691797,822.724133595217,475,4.33012701892219,2.5,5,30,3.00238260486093,0.575686166376375,0.815381869179705,1,Const Vel 1,976423754
21-Jul-2025 12:00:27,872.891869845264,498.915439574443,3.40651672022297,29.5273261300931,866.025403784438,500,4.33012701892219,2.5,5,30,6.95159172284697,1.59348327977703,0.472673869906908,1,Const Vel 1,976423754
21-Jul-2025 12:00:37,910.79677084976,529.92739214679,6.39793730301701,32.7700170845025,909.32667397366,525,4.33012701892219,2.5,5,30,5.14202082778433,1.39793730301701,2.7700170845025,1,Const Vel 1,976423754
21-Jul-2025 12:00:47,949.008428596107,552.647322039278,6.38833969841553,30.7491759652572,952.627944162882,550,4.33012701892219,2.5,5,30,4.48432903763449,1.38833969841553,0.749175965257227,1,Const Vel 1,976423754
21-Jul-2025 12:00:57,998.224994687695,573.307939572439,2.21544676552536,28.3108290563643,995.929214352104,575,4.33012701892219,2.5,5,30,2.85195999968492,2.78455323447464,1.68917094363566,1,Const Vel 1,976423754
21-Jul-2025 12:01:07,1038.95076157933,597.894625972156,6.5600946917854,31.9567913976167,1039.23048454133,600,4.33012701892219,2.5,5,30,2.12387493336745,1.5600946917854,1.95679139761673,1,Const Vel 1,976423754
21-Jul-2025 12:01:17,1084.46354965526,621.069964056848,3.74057073165016,32.4104502957135,1082.53175473055,625,4.33012701892219,2.5,5,30,4.37915678477143,1.25942926834984,2.41045029571354,1,Const Vel 1,976423754
21-Jul-2025 12:01:27,1121.44493747986,649.419581006657,4.21493118582964,30.5156585347445,1125.83302491977,650,4.33012701892219,2.5,5,30,4.42630744392319,0.785068814170355,0.515658534744508,1,Const Vel 1,976423754
21-Jul-2025 12:01:37,1162.84002635232,683.294671278705,4.1878926827415,30.2228267753694,1169.13429510899,675,4.33012701892219,2.5,5,30,10.4124632437744,0.8121073172585,0.222826775369414,1,Const Vel 1,976423754
21-Jul-2025 12:01:47,1203.49573539479,707.369838517543,5.40937576210556,29.7950598349938,1212.43556529821,700,4.33012701892219,2.5,5,30,11.5859862971097,0.409375762105561,0.20494016500617,1,Const Vel 1,976423754
21-Jul-2025 12:01:57,1257.42499541122,725.813217668376,4.5465269146946,26.0519240729132,1255.73683548744,725,4.33012701892219,2.5,5,30,1.87382147080144,0.453473085305396,3.94807592708682,1,Const Vel 1,976423754
21-Jul-2025 12:02:07,1301.31419958232,754.240419323601,3.90212512568736,29.7091297337742,1299.03810567666,750,4.33012701892219,2.5,5,30,4.81266656931307,1.09787487431264,0.290870266225778,1,Const Vel 1,976423754
21-Jul-2025 12:02:17,1341.50583109789,779.527048356422,5.23169723493547,30.9558661391317,1342.33937586588,775,4.33012701892219,2.5,5,30,4.60314715185499,0.231697234935473,0.955866139131666,1,Const Vel 1,976423754
21-Jul-2025 12:02:27,1389.35127853727,795.789551970029,5.24148908311545,29.1905452213312,1385.6406460551,800,4.33012701892219,2.5,5,30,5.6121890587226,0.241489083115447,0.809454778668808,1,Const Vel 1,976423754
21-Jul-2025 12:02:37,1424.13543415833,820.601368999402,4.10291191800303,28.5613316940016,1428.94191624432,825,4.33012701892219,2.5,5,30,6.51538369724788,0.897088081996968,1.43866830599838,1,Const Vel 1,976423754
21-Jul-2025 12:02:47,1461.9065503205,844.362328990115,5.1793204596972,27.5350072993228,1472.24318643355,850,4.33012701892219,2.5,5,30,11.7740978656232,0.1793204596972,2.4649927006772,1,Const Vel 1,976423754
21-Jul-2025 12:02:57,1511.06248613351,878.884535969503,6.03811939176275,27.4732060812674,1515.54445662277,875,4.33012701892219,2.5,5,30,5.93107740338308,1.03811939176275,2.52679391873262,1,Const Vel 1,976423754
21-Jul-2025 12:03:07,1553.44963281176,898.333341630543,6.479255608168,27.7961890311287,1558.84572681199,900,4.33012701892219,2.5,5,30,5.64761724799216,1.479255608168,2.20381096887131,1,Const Vel 1,976423754
21-Jul-2025 12:03:17,1604.21748746018,927.979856433502,3.89247068604987,28.4336105210702,1602.14699700121,925,4.33012701892219,2.5,5,30,3.62856377992397,1.10752931395013,1.56638947892981,1,Const Vel 1,976423754
21-Jul-2025 12:03:27,1652.27072340322,958.891357331021,5.60658277291518,30.6490958993136,1645.44826719043,950,4.33012701892219,2.5,5,30,11.2072362321546,0.606582772915177,0.649095899313624,1,Const Vel 1,976423754
21-Jul-2025 12:03:37,1682.44470236341,980.872662566064,4.9117911562423,34.1852573666424,1688.74953737965,975,4.33012701892219,2.5,5,30,8.61621205616829,0.0882088437577044,4.18525736664242,1,Const Vel 1,976423754
21-Jul-2025 12:03:47,1733.75166101173,997.776372482383,4.67158531617587,32.7323659884645,1732.05080756888,1000,4.33012701892219,2.5,5,30,2.79953956413712,0.328414683824131,2.73236598846446,1,Const Vel 1,976423754
21-Jul-2025 12:03:57,1771.74042559741,1019.81627500855,6.26291734434656,32.8757459602361,1779.68220477702,1027.5,4.76313972081441,2.75,5.5,30,11.0504066116117,0.762917344346561,2.87574596023608,2,Accel,976423754
21-Jul-2025 12:04:07,1833.13083483143,1061.89092650367,6.07554603391476,32.419951934854,1831.64372900409,1057.5,5.19615242270663,3,6,30,4.6359162311601,0.0755460339147644,2.41995193485401,2,Accel,976423754
21-Jul-2025 12:04:17,1888.59069917196,1092.04748205723,5.77185999791218,31.6045537752302,1887.93538025008,1090,5.62916512459885,3.25,6.5,30,2.14979665644884,0.728140002087824,1.60455377523019,2,Accel,976423754
21-Jul-2025 12:04:27,1946.85234943658,1125.65032522989,6.09852703334957,32.4220071534103,1948.55715851499,1125,6.06217782649107,3.5,7,30,1.8246361002839,0.901472966650426,2.42200715341029,2,Accel,976423754
21-Jul-2025 12:04:37,2015.68754925732,1167.69827588492,6.36019597466036,29.1672549789408,2013.50906379882,1162.5,6.49519052838329,3.75,7.5,30,5.63629941261147,1.13980402533964,0.83274502105923,2,Accel,976423754
21-Jul-2025 12:04:47,2082.13738571072,1203.82389796616,7.14050825652507,29.513650914566,2082.79109610157,1202.5,6.92820323027551,4,8,30,1.47649690142414,0.859491743474934,0.486349085433953,2,Accel,976423754
21-Jul-2025 12:04:57,2152.7565856953,1248.07715481805,7.57812624837053,31.8316435496902,2152.07312840433,1242.5,6.92820323027551,4,8,30,5.61887619841595,0.421873751629473,1.83164354969023,2,Accel,976423754
21-Jul-2025 12:05:07,2220.81311833881,1286.87121770165,9.80357002717587,29.1987263881718,2221.35516070708,1282.5,6.92820323027551,4,8,30,4.40469682546015,1.80357002717587,0.801273611828244,2,Accel,976423754
21-Jul-2025 12:05:17,2287.79037938568,1318.47681131376,7.85519864278256,31.4027761281783,2290.63719300984,1322.5,6.92820323027551,4,8,30,4.92852868671818,0.144801357217444,1.40277612817829,2,Accel,976423754
21-Jul-2025 12:05:27,2361.4608086547,1356.3032207685,7.85146403362223,31.6425970792817,2359.91922531259,1362.5,6.92820323027551,4,8,30,6.38565204537217,0.148535966377768,1.64259707928174,2,Accel,976423754
21-Jul-2025 12:05:37,2428.61425271552,1396.14089829371,8.20834957353147,29.7295079095704,2429.20125761535,1402.5,6.92820323027551,4,8,30,6.38613727250672,0.208349573531475,0.270492090429615,2,Accel,976423754
21-Jul-2025 12:05:47,2492.66715452944,1448.93477495371,6.49610165317109,31.5836400588975,2498.4832899181,1442.5,6.92820323027551,4,8,30,8.67373965277654,1.50389834682891,1.58364005889754,2,Accel,976423754
21-Jul-2025 12:05:57,2564.95001049647,1482.19543700558,7.23634754028051,28.0405360528624,2567.76532222086,1482.5,6.92820323027551,4,8,30,2.83173775676152,0.763652459719487,1.95946394713763,2,Accel,976423754
21-Jul-2025 12:06:07,2635.81288929089,1524.5238642394,7.63773065866147,28.6079554516974,2637.04735452361,1522.5,6.92820323027551,4,8,30,2.37063933788475,0.362269341338531,1.39204454830264,2,Accel,976423754
21-Jul-2025 12:06:17,2701.24304499926,1559.81713082661,10.0631783916636,26.4804730688419,2706.32938682637,1562.5,6.92820323027551,4,8,30,5.75053564319672,2.06317839166365,3.51952693115812,2,Accel,976423754
21-Jul-2025 12:06:27,2777.44084973573,1606.41152896067,6.47863887124873,30.4582150641889,2775.61141912912,1602.5,6.92820323027551,4,8,30,4.31820276903997,1.52136112875127,0.458215064188917,2,Accel,976423754
21-Jul-2025 12:06:37,2839.92584600212,1644.66280825863,9.04250653276149,29.2573697569114,2844.89345143188,1642.5,6.92820323027551,4,8,30,5.4180110067543,1.04250653276149,0.742630243088602,2,Accel,976423754
21-Jul-2025 12:06:47,2906.29576912225,1683.89428196457,8.00480090596631,31.2058290475454,2914.17548373463,1682.5,6.92820323027551,4,8,30,8.0021200046796,0.004800905966313,1.20582904754542,2,Accel,976423754
21-Jul-2025 12:06:57,2987.12139940772,1724.80756263994,7.13173228448385,29.2596930640851,2983.45751603739,1722.5,6.92820323027551,4,8,30,4.32999846288876,0.868267715516145,0.740306935914861,2,Accel,976423754
21-Jul-2025 12:07:07,3057.17668863841,1759.29247220058,7.25446353856255,29.4505333511341,3052.73954834014,1762.5,6.92820323027551,4,8,30,5.4750752150599,0.745536461437451,0.549466648865862,2,Accel,976423754
21-Jul-2025 12:07:17,3120.72273962991,1808.85999807024,8.36683884655629,31.5410816988534,3122.0215806429,1802.5,6.92820323027551,4,8,30,6.49126824515088,0.366838846556293,1.54108169885339,2,Accel,976423754
21-Jul-2025 12:07:27,3201.72973036371,1841.27284170586,5.93879709796212,32.6892137473653,3191.30361294565,1842.5,6.92820323027551,4,8,30,10.4980875350659,2.06120290203788,2.68921374736528,2,Accel,976423754
21-Jul-2025 12:07:37,3262.09185404758,1891.10293084604,6.03128880808072,31.7203879109846,3260.58564524841,1882.5,6.92820323027551,4,8,30,8.73378978956915,1.96871119191928,1.72038791098461,2,Accel,976423754
21-Jul-2025 12:07:47,3328.5037273627,1925.91275195864,6.88364582445049,28.7732771940427,3329.86767755116,1922.5,6.92820323027551,4,8,30,3.67521918364495,1.11635417554951,1.22672280595726,2,Accel,976423754
21-Jul-2025 12:07:57,3400.71878743581,1962.03265129758,5.60276930541515,30.9078926092783,3399.14970985392,1962.5,6.92820323027551,4,8,30,1.63719860360338,2.39723069458485,0.907892609278319,2,Accel,976423754
21-Jul-2025 12:08:07,3471.59096712462,2006.32729533421,5.66113942019922,29.2506184864127,3468.43174215667,2002.5,6.92820323027551,4,8,30,4.96275044439433,2.33886057980078,0.749381513587274,2,Accel,976423754
21-Jul-2025 12:08:17,3538.01052957499,2041.13480010715,8.62977900247269,29.0831154918048,3537.71377445943,2042.5,6.92820323027551,4,8,30,1.3970806512375,0.629779002472691,0.91688450819523,2,Accel,976423754
21-Jul-2025 12:08:27,3599.5579419358,2080.37709713964,8.73522379606137,28.9073562269455,3606.99580676218,2082.5,6.92820323027551,4,8,30,7.73489170771327,0.735223796061369,1.09264377305445,2,Accel,976423754
21-Jul-2025 12:08:37,3667.87979084298,2129.25945003121,8.17157054178581,29.4975267240632,3676.27783906494,2122.5,6.92820323027551,4,8,30,10.7804164419914,0.171570541785814,0.502473275936746,2,Accel,976423754
21-Jul-2025 12:08:47,3741.11683898584,2160.29921801161,7.31307582435665,32.6178161466663,3745.55987136769,2162.5,6.92820323027551,4,8,30,4.95822328123669,0.686924175643349,2.61781614666627,2,Accel,976423754
21-Jul-2025 12:08:57,3818.59082277277,2207.79588495585,6.85036563392917,30.7599028606432,3813.77108451602,2204.29988517728,6.82112131483274,4.17998851772759,8,31.5,5.9541490840706,1.14963436607083,0.740097139356812,3,45° Turn,976423754
21-Jul-2025 12:09:07,3882.85432039719,2253.81861713312,6.37581665610576,32.2599929950395,3880.86472995165,2247.87100797848,6.70936454356339,4.35711228012022,8,33,6.2715647806058,1.62418334389424,0.740007004960496,3,45° Turn,976423754
21-Jul-2025 12:09:17,3950.60596746202,2287.44866286759,7.36257253514736,36.1095510871347,3946.79482504142,2293.18350693246,6.59300950897612,4.53124989539866,8,34.5,6.88572748506121,0.637427464852641,1.60955108713472,3,45° Turn,976423754
21-Jul-2025 12:09:27,4014.1026273113,2337.64388330594,8.24598203569234,37.8222315009217,4011.51618459141,2340.20632711586,6.47213595499958,4.70228201833979,8,36,3.64085212859194,0.245982035692339,1.82223150092168,3,45° Turn,976423754
21-Jul-2025 12:09:37,4079.85152884992,2397.203158095,7.4170219996179,37.1100525121903,4074.98445181471,2388.90724143656,6.34682672232988,4.87009143206977,8,37.5,9.61824682935754,0.5829780003821,0.389947487809701,3,45° Turn,976423754
21-Jul-2025 12:09:47,4139.75951995538,2439.38019115482,8.99926448495468,38.6793466118598,4137.15612873127,2439.25287272055,6.21716769165577,5.0345631283987,8,39,2.60650260876586,0.999264484954677,0.320653388140191,3,45° Turn,976423754
21-Jul-2025 12:09:57,4191.61044940508,2490.333078022,7.91202984052507,42.7968636871395,4197.98860597927,2491.20871658696,6.08324772480025,5.19558438664147,8,40.5,6.4379829280101,0.0879701594749323,2.29686368713947,3,45° Turn,976423754
21-Jul-2025 12:10:07,4254.27044159382,2543.00259826071,7.53650820426325,43.0694356837393,4257.44019201746,2544.73916509567,5.94515860381915,5.35304485087087,8,42,3.61427477102762,0.463491795736745,1.06943568373924,3,45° Turn,976423754
21-Jul-2025 12:10:17,4313.9178399251,2602.38944538871,7.54044315981909,43.1623488208308,4315.47014169844,2599.80753115117,5.8029949680983,5.50683660555003,8,43.5,3.01262708039176,0.459556840180913,0.337651179169192,3,45° Turn,976423754
21-Jul-2025 12:10:27,4369.935310727,2650.31888983008,8.29831576107327,44.3061193868099,4372.03868419337,2656.37607364609,5.65685424949238,5.65685424949238,8,45,6.41199311602486,0.298315761073269,0.693880613190167,3,45° Turn,976423754
21-Jul-2025 12:10:37,4440.66774665456,2710.89929452102,9.565405148852,49.1219280272665,4427.10705024887,2714.40602332708,5.50683660555003,5.8029949680983,8,46.5,14.0067710028573,1.565405148852,2.6219280272665,3,45° Turn,976423754
21-Jul-2025 12:10:47,4467.26167273502,2787.50775897456,8.52742450254702,47.4993910781729,4480.63749875758,2773.85760936527,5.35304485087086,5.94515860381916,8,48,19.1112350763067,0.527424502547015,0.500608921827154,3,45° Turn,976423754
21-Jul-2025 12:10:57,4536.1360700537,2841.15487398569,8.78883363637693,44.460354265211,4532.59334262399,2834.69008661327,5.19558438664147,6.08324772480025,8,49.5,7.37186498871287,0.788833636376932,5.03964573478906,3,45° Turn,976423754
21-Jul-2025 12:11:07,4582.96130819512,2895.89226500184,5.85029778988381,52.2721536025037,4582.93897390798,2896.86176352983,5.0345631283987,6.21716769165577,8,51,0.969755750774361,2.14970221011619,1.27215360250371,3,45° Turn,976423754
21-Jul-2025 12:11:17,4631.91607487248,2957.3159371536,9.55708565656416,51.0181241926639,4631.63988822868,2960.33003075313,4.87009143206976,6.34682672232988,8,52.5,3.02672088057931,1.55708565656416,1.48187580733614,3,45° Turn,976423754
21-Jul-2025 12:11:27,4678.29457844371,3023.64117152099,8.39763579017186,51.5717593392159,4678.66270841207,3025.05139030312,4.70228201833978,6.47213595499958,8,54,1.45747613602901,0.397635790171863,2.42824066078412,3,45° Turn,976423754
21-Jul-2025 12:11:37,4727.43521827247,3092.1399753522,8.76733626082498,53.7297152753719,4723.97520736606,3090.98148539289,4.53124989539866,6.59300950897613,8,55.5,3.64880452453718,0.767336260824983,1.7702847246281,3,45° Turn,976423754
21-Jul-2025 12:11:47,4767.11583421291,3159.05531651311,6.24198470322848,54.4861852683768,4767.54633016726,3158.07513082852,4.35711228012021,6.7093645435634,8,57,1.07055627735668,1.75801529677152,2.51381473162327,3,45° Turn,976423754
21-Jul-2025 12:11:57,4812.08557839016,3223.60190729464,9.13949019697077,60.1781621769106,4809.34621534454,3226.28634397685,4.17998851772759,6.82112131483274,8,58.5,3.83540222095466,1.13949019697077,1.67816217691052,3,45° Turn,976423754
21-Jul-2025 12:12:07,4848.50628896465,3293.40148411691,6.65294668249014,59.3980902117447,4849.34621534454,3295.5683762796,4,6.92820323027551,8,60,2.32398321172266,1.34705331750986,0.601909788255319,3,45° Turn,976423754
21-Jul-2025 12:12:17,4878.13960658044,3359.73898853224,9.53074201245572,56.4132078819691,4887.51891616531,3365.87374529256,3.81727008207686,7.03053690129572,8,61.5,11.2074389936795,1.53074201245572,5.08679211803094,3,45° Turn,976423754
21-Jul-2025 12:12:27,4921.84643688932,3436.52214396005,7.40180824953035,66.8869847483074,4923.83815614447,3437.15426722763,3.63192399791637,7.12805219350694,8,63,2.08962327149326,0.598191750469654,3.88698474830738,3,45° Turn,976423754
21-Jul-2025 12:12:37,4958.76921235311,3515.89867249566,8.64533989266092,63.8116959814945,4958.27904388914,3509.36108997562,3.44408877446636,7.22068227479889,8,64.5,6.55593245308428,0.645339892660919,0.688304018505581,3,45° Turn,976423754
21-Jul-2025 12:12:47,4995.00246070569,3578.89837613166,6.88071106696872,65.0747226750437,4990.8179753352,3582.44472658703,3.2538931446064,7.30836366114081,8,66,5.48511799035488,1.11928893303128,0.92527732495635,3,45° Turn,976423754
21-Jul-2025 12:12:57,5014.49062700296,3655.16805535129,8.22148667024635,68.5450161565099,5021.43264992441,3656.35508918793,3.06146745892072,7.39103626009029,8,67.5,7.04277868253867,0.221486670246346,1.04501615650992,3,45° Turn,976423754
21-Jul-2025 12:13:07,5045.66428882526,3726.87626046488,7.13111532679815,70.3565774176223,5050.10208588803,3731.0415233077,2.8669435963624,7.46864341197761,8,69,6.08633365173046,0.868884673201852,1.35657741762224,3,45° Turn,976423754
21-Jul-2025 12:13:17,5085.1490718117,3810.01618785479,6.68662976306095,71.5809539237904,5076.80663462673,3806.45284259508,2.67045487387017,7.54113192873743,8,70.5,9.07158683059795,1.31337023693905,1.08095392379043,3,45° Turn,976423754
21-Jul-2025 12:13:27,5100.90471821787,3883.25410934103,9.25146161201989,69.0499889371512,5101.52799417673,3882.53736389869,2.47213595499958,7.60845213036123,8,72,0.949840486614943,1.25146161201989,2.95001106284875,3,45° Turn,976423754
21-Jul-2025 12:13:37,5123.70840647897,3964.55508971072,9.01834578243005,75.0918195595198,5124.24922175304,3959.24294268815,2.27212275763138,7.67055787894554,8,73.5,5.33960552383186,1.01834578243005,1.59181955951982,3,45° Turn,976423754
21-Jul-2025 12:13:47,5143.67765417634,4029.88813834129,7.58169842057387,73.28833797425,5144.95474536124,4036.51700879127,2.07055236082017,7.72740661031255,8,75,6.75076924040027,0.41830157942613,1.71166202574995,3,45° Turn,976423754
21-Jul-2025 12:13:57,5166.61260917406,4118.73198769722,7.21199255292665,76.2950366175473,5165.66026896945,4113.7910748944,2.07055236082017,7.72740661031255,8,75,5.03185564086098,0.788007447073355,1.29503661754731,4,Const Vel 2,976423754
21-Jul-2025 12:14:07,5185.81359051488,4188.83763758275,7.58075656829654,77.3454575763218,5186.36579257765,4191.06514099752,2.07055236082017,7.72740661031255,8,75,2.29492888363861,0.419243431703464,2.34545757632177,4,Const Vel 2,976423754
21-Jul-2025 12:14:17,5201.73126027848,4272.41496894938,7.79687679923472,78.1719154190818,5207.07131618585,4268.33920710065,2.07055236082017,7.72740661031255,8,75,6.7177400769413,0.203123200765283,3.17191541908179,4,Const Vel 2,976423754
21-Jul-2025 12:14:27,5233.73531410171,4344.16881168074,7.71260253429375,76.6852527414386,5227.77683979405,4345.61327320377,2.07055236082017,7.72740661031255,8,75,6.13105905749993,0.287397465706249,1.68525274143864,4,Const Vel 2,976423754
21-Jul-2025 12:14:37,5250.41419463755,4428.46741621312,5.90233335652399,77.4767953557244,5248.48236340225,4422.8873393069,2.07055236082017,7.72740661031255,8,75,5.90501737516159,2.09766664347601,2.47679535572444,4,Const Vel 2,976423754
21-Jul-2025 12:14:47,5267.85296861814,4499.51305331809,7.23862298558278,75.2511453119767,5269.18788701045,4500.16140541003,2.07055236082017,7.72740661031255,8,75,1.48403758350348,0.76137701441722,0.251145311976698,4,Const Vel 2,976423754
21-Jul-2025 12:14:57,5287.53003177146,4580.47756414464,8.18425318201369,77.892141075008,5289.89341061865,4577.43547151315,2.07055236082017,7.72740661031255,8,75,3.85225741013383,0.184253182013689,2.89214107500797,4,Const Vel 2,976423754
21-Jul-2025 12:15:07,5309.81057784615,4651.52970035109,7.04402755107663,72.7113693048627,5310.59893422686,4654.70953761628,2.07055236082017,7.72740661031255,8,75,3.27610604469315,0.95597244892337,2.28863069513727,4,Const Vel 2,976423754
21-Jul-2025 12:15:17,5327.22579967039,4737.40871776099,6.45889342865415,72.9001606572386,5331.30445783506,4731.9836037194,2.07055236082017,7.72740661031255,8,75,6.78729068100517,1.54110657134585,2.09983934276139,4,Const Vel 2,976423754
21-Jul-2025 12:15:27,5347.99320595139,4810.64248259645,6.96227227642318,76.1545783804583,5352.00998144326,4809.25766982253,2.07055236082017,7.72740661031255,8,75,4.2487870940858,1.03772772357682,1.1545783804583,4,Const Vel 2,976423754
21-Jul-2025 12:15:37,5380.13359631391,4889.85265816258,8.16873041301134,71.1743725241347,5372.71550505146,4886.53173592565,2.07055236082017,7.72740661031255,8,75,8.12752129998098,0.168730413011339,3.82562747586531,4,Const Vel 2,976423754
21-Jul-2025 12:15:47,5397.5468983943,4957.6971344609,7.59036885313345,75.8984616006759,5393.42102865966,4963.80580202878,2.07055236082017,7.72740661031255,8,75,7.37147342951778,0.409631146866547,0.898461600675884,4,Const Vel 2,976423754
21-Jul-2025 12:15:57,5408.33530505933,5039.82918355583,6.91681193735758,77.988573537893,5414.12655226786,5041.07986813191,2.07055236082017,7.72740661031255,8,75,5.92475789709359,1.08318806264242,2.98857353789303,4,Const Vel 2,976423754
21-Jul-2025 12:16:07,5443.93988112019,5119.04948579734,9.64616124557711,73.9992233378304,5434.83207587606,5118.35393423503,2.07055236082017,7.72740661031255,8,75,9.13432582847071,1.64616124557711,1.00077666216954,4,Const Vel 2,976423754
21-Jul-2025 12:16:17,5458.6056440047,5196.08708512526,9.34878013403318,75.4299093357921,5455.53759948427,5195.62800033816,2.07055236082017,7.72740661031255,8,75,3.1022018021231,1.34878013403318,0.429909335792081,4,Const Vel 2,976423754
21-Jul-2025 12:16:27,5478.28214907716,5283.60294057728,8.30563332797971,74.4376289991857,5476.24312309247,5272.90206644128,2.07055236082017,7.72740661031255,8,75,10.8934078341331,0.305633327979711,0.562371000814275,4,Const Vel 2,976423754
21-Jul-2025 12:16:37,5490.53282052993,5351.13487266221,7.54807856734557,74.0808356347611,5496.94864670067,5350.17613254441,2.07055236082017,7.72740661031255,8,75,6.48706467260952,0.451921432654427,0.919164365238916,4,Const Vel 2,976423754
21-Jul-2025 12:16:47,5523.13099995399,5427.46907009875,8.29582892137866,76.2207356623669,5517.65417030887,5427.45019864753,2.07055236082017,7.72740661031255,8,75,5.47686215759707,0.295828921378655,1.22073566236696,4,Const Vel 2,976423754
21-Jul-2025 12:16:57,5538.83730030891,5499.72239672647,8.72713971297796,76.2038712299809,5538.35969391707,5504.72426475066,2.07055236082017,7.72740661031255,8,75,5.0246185523779,0.727139712977962,1.20387122998089,4,Const Vel 2,976423754
21-Jul-2025 12:17:07,5550.94683217435,5580.21400896276,7.60061231777134,74.0400073617329,5559.06521752527,5581.99833085379,2.07055236082017,7.72740661031255,8,75,8.31215888424141,0.399387682228664,0.95999263826707,4,Const Vel 2,976423754
21-Jul-2025 12:17:17,5584.29687603479,5665.52404198995,6.7990672947064,74.605983392235,5579.77074113347,5659.27239695691,2.07055236082017,7.72740661031255,8,75,7.7180932077832,1.2009327052936,0.394016607764958,4,Const Vel 2,976423754
21-Jul-2025 12:17:27,5607.2874487661,5736.831386636,8.13749335797586,73.1245211654944,5600.47626474168,5736.54646306004,2.07055236082017,7.72740661031255,8,75,6.81714084192796,0.137493357975863,1.87547883450558,4,Const Vel 2,976423754
21-Jul-2025 12:17:37,5622.19509902771,5815.18334756474,9.73617308785781,74.2038637719256,5621.18178834988,5813.82052916316,2.07055236082017,7.72740661031255,8,75,1.69825573030084,1.73617308785781,0.79613622807436,4,Const Vel 2,976423754
21-Jul-2025 12:17:47,5636.37964350965,5892.93900003967,7.50378233082629,74.9837525558304,5641.88731195808,5891.09459526629,2.07055236082017,7.72740661031255,8,75,5.80829068710071,0.496217669173705,0.0162474441695818,4,Const Vel 2,976423754
21-Jul-2025 12:17:57,5664.31183033055,5970.75534835851,7.26521388243709,76.3355210375602,5662.59283556628,5968.36866136941,2.07055236082017,7.72740661031255,8,75,2.94129525609652,0.734786117562906,1.33552103756022,4,Const Vel 2,976423754
21-Jul-2025 12:18:07,5680.36286612146,6056.60991950259,7.14501997607836,71.1726749516586,5683.29835917448,6045.64272747254,2.07055236082017,7.72740661031255,8,75,11.3532559421627,0.854980023921645,3.82732504834134,4,Const Vel 2,976423754
21-Jul-2025 12:18:17,5700.07300671146,6127.8684510113,9.98875524802759,78.9901861936927,5704.00388278268,6122.91679357567,2.07055236082017,7.72740661031255,8,75,6.32223837316517,1.98875524802759,3.99018619369274,4,Const Vel 2,976423754
21-Jul-2025 12:18:27,5726.23556845095,6201.95284246892,7.97438308728658,78.3250208628566,5724.70940639089,6200.19085967879,2.07055236082017,7.72740661031255,8,75,2.33104139523516,0.0256169127134207,3.32502086285661,4,Const Vel 2,976423754
21-Jul-2025 12:18:37,5741.83147311179,6279.33056388076,6.65352042256673,76.8230595633329,5745.41492999909,6277.46492578192,2.07055236082017,7.72740661031255,8,75,4.04002088843409,1.34647957743327,1.82305956333293,4,Const Vel 2,976423754
21-Jul-2025 12:18:47,5762.13022466227,6356.43980889798,7.68058575685546,74.1447248620008,5766.12045360729,6354.73899188504,2.07055236082017,7.72740661031255,8,75,4.33759213679496,0.319414243144539,0.85527513799917,4,Const Vel 2,976423754
21-Jul-2025 12:18:57,5789.90601434325,6435.14491706372,9.40155606981428,76.4600780230707,5786.82597721549,6432.01305798817,2.07055236082017,7.72740661031255,8,75,4.39262677420758,1.40155606981428,1.46007802307073,4,Const Vel 2,976423754
21-Jul-2025 12:19:07,5808.09986082407,6513.76684087692,9.03842103972888,76.8899512068413,5807.53150082369,6509.28712409129,2.07055236082017,7.72740661031255,8,75,4.51562792637106,1.03842103972888,1.88995120684132,4,Const Vel 2,976423754
21-Jul-2025 12:19:17,5825.50424909026,6588.71314414864,7.97723706661969,77.6366655059605,5828.23702443189,6586.56119019442,2.07055236082017,7.72740661031255,8,75,3.47835692374006,0.022762933380311,2.63666550596053,4,Const Vel 2,976423754
21-Jul-2025 12:19:27,5853.74187692543,6659.89293901002,8.92925971941725,74.2984486476363,5848.94254804009,6663.83525629755,2.07055236082017,7.72740661031255,8,75,6.21091163559066,0.929259719417251,0.701551352363674,4,Const Vel 2,976423754
21-Jul-2025 12:19:37,5862.64596679278,6750.21764953084,8.3705908580067,74.6594143985453,5869.6480716483,6741.10932240067,2.07055236082017,7.72740661031255,8,75,11.4887377686907,0.3705908580067,0.340585601454648,4,Const Vel 2,976423754
21-Jul-2025 12:19:47,5886.41018171346,6822.8604441269,7.06979896610558,79.0158230698586,5890.3535952565,6818.3833885038,2.07055236082017,7.72740661031255,8,75,5.9661157735803,0.930201033894416,4.01582306985863,4,Const Vel 2,976423754
21-Jul-2025 12:19:57,5900.03873779341,6896.82995048552,8.89570886591338,76.0013522838435,5911.0591188647,6895.65745460692,2.07055236082017,7.72740661031255,8,75,11.0825784699077,0.895708865913376,1.00135228384347,4,Const Vel 2,976423754
21-Jul-2025 12:20:07,5929.3453661737,6964.23968588926,6.56862317714068,71.6724715668771,5931.7646424729,6972.93152071005,2.07055236082017,7.72740661031255,8,75,9.02224419774234,1.43137682285932,3.32752843312289,4,Const Vel 2,976423754
21-Jul-2025 12:20:17,5956.66419584427,7052.69501159089,9.30955973796761,76.3491972014204,5952.4701660811,7050.20558681317,2.07055236082017,7.72740661031255,8,75,4.87720425840855,1.30955973796761,1.34919720142044,4,Const Vel 2,976423754
21-Jul-2025 12:20:27,5967.25593426501,7129.18424608234,8.60860749546468,76.1433839046256,5973.1756896893,7127.4796529163,2.07055236082017,7.72740661031255,8,75,6.16028750507818,0.608607495464682,1.1433839046256,4,Const Vel 2,976423754
21-Jul-2025 12:20:37,5992.63946661222,7207.97841608911,8.57786844850227,78.5583991292438,5991.17177403681,7205.42925809912,1.79960843475092,7.79496051828188,8,77,2.94148397136791,0.57786844850227,1.55839912924383,5,90° Turn,976423754
21-Jul-2025 12:20:47,6003.4543328391,7275.64576033196,7.11094353342515,79.0046479294952,6006.43649366694,7283.95943277493,1.52647196301236,7.85301746758131,8,79,8.8323514814631,0.889056466574847,0.00464792949520137,5,90° Turn,976423754
21-Jul-2025 12:20:57,6023.27945625058,7360.78476441493,7.76935492923862,82.5618983964182,6018.95125087015,7362.97450002254,1.25147572032185,7.9015067247611,8,81,4.85059829777262,0.230645070761375,1.56189839641821,5,90° Turn,976423754
21-Jul-2025 12:21:07,6028.95026787544,7445.5130495294,8.45161173033957,83.2152683315314,6028.70079834257,7442.37819215385,0.97495474724118,7.94036921313058,8,83,3.1447680062126,0.451611730339573,0.215268331531405,5,90° Turn,976423754
21-Jul-2025 12:21:17,6029.62807769057,7525.53006858757,10.3302578403742,87.2196415531796,6035.67325776238,7522.07376800119,0.697245941981265,7.96955758473396,8,85,6.96349164169603,2.33025784037423,2.21964155317956,5,90° Turn,976423754
21-Jul-2025 12:21:27,6043.90686919712,7609.9127727944,7.57290552124161,87.6359667151984,6039.86013426181,7601.96413078155,0.41868764994355,7.98903627803659,8,87,8.91947159225112,0.427094478758392,0.635966715198433,5,90° Turn,976423754
21-Jul-2025 12:21:37,6044.08680951733,7681.39978011962,7.03294825697286,89.4970854187806,6041.2563267768,7681.95194639407,0.139619251498267,7.99878156125113,8,89,2.88383774493123,0.967051743027143,0.497085418780576,5,90° Turn,976423754
21-Jul-2025 12:21:47,6036.24765677389,7758.54748209401,9.21201500085551,91.2076522347512,6039.86013426181,7761.93976200658,-0.13961925149827,7.99878156125113,8,91,4.95555815281877,1.21201500085551,0.207652234751159,5,90° Turn,976423754
21-Jul-2025 12:21:57,6037.96302567254,7841.74814767129,6.80566776597639,91.446137754202,6035.67325776238,7841.83012478694,-0.418687649943553,7.98903627803659,8,93,2.29123489191153,1.19433223402361,1.55386224579797,5,90° Turn,976423754
21-Jul-2025 12:22:07,6030.73015580556,7914.5865271967,6.15688900219518,99.6379370632752,6028.70079834257,7921.52570063428,-0.697245941981268,7.96955758473396,8,95,7.22982847026725,1.84311099780482,4.63793706327519,5,90° Turn,976423754
21-Jul-2025 12:22:17,6020.92917089861,8003.86258654569,8.81673729618068,97.6585210357161,6018.95125087015,8000.92939276559,-0.974954747241182,7.94036921313058,8,97,3.53776672359665,0.816737296180678,0.658521035716117,5,90° Turn,976423754
21-Jul-2025 12:22:27,6007.91095128408,8076.29897058889,7.87167920992544,99.6337537377394,6006.43649366694,8079.9444600132,-1.25147572032185,7.9015067247611,8,99,3.93238075566642,0.128320790074557,0.63375373773937,5,90° Turn,976423754
21-Jul-2025 12:22:37,5980.65087512882,8161.25609430408,7.87535927198255,100.328699388418,5991.17177403681,8158.47463468901,-1.52647196301236,7.85301746758131,8,101,10.8823633197196,0.124640728017446,0.671300611582356,5,90° Turn,976423754
21-Jul-2025 12:22:47,5972.14969579829,8232.60437451136,8.69402982419213,102.976032789029,5973.1756896893,8236.42423987183,-1.79960843475092,7.79496051828188,8,103,3.9552540798955,0.69402982419213,0.0239672109710879,5,90° Turn,976423754
21-Jul-2025 12:22:57,5958.2720897343,8312.25626169175,7.05751847590952,106.207158569073,5952.4701660811,8313.69830597496,-2.07055236082017,7.72740661031255,8,105,5.97844543274085,0.942481524090483,1.20715856907292,5,90° Turn,976423754
21-Jul-2025 12:23:07,5931.93047291789,8393.57436012899,5.27174452484467,107.929396480487,5929.08042970328,8390.202686452,-2.3389736377819,7.65043804770428,8,107,4.41485330551664,2.72825547515533,0.929396480487436,5,90° Turn,976423754
21-Jul-2025 12:23:17,5909.59899957123,8467.14111127418,9.30338190441265,107.647498792312,5903.03497734671,8465.84417249994,-2.60454523565726,7.56414860479453,8,109,6.69092205514498,1.30338190441265,1.35250120768816,5,90° Turn,976423754
21-Jul-2025 12:23:27,5884.52730699163,8540.45804124079,8.26638236795032,111.048784869285,5874.36554138309,8540.53060661972,-2.86694359636241,7.46864341197761,8,111,10.1620247006831,0.266382367950319,0.0487848692851584,5,90° Turn,976423754
21-Jul-2025 12:23:37,5843.88872891223,8615.58174527179,8.68977606374509,109.833765540827,5843.10705110394,8614.17099489592,-3.1258490279142,7.36403882761952,8,113,1.61283502535186,0.689776063745086,3.1662344591735,5,90° Turn,976423754
21-Jul-2025 12:23:47,5808.59700461862,8680.43208040119,9.15504030621104,112.866905336372,5809.29759016469,8686.67561785885,-3.3809460939256,7.2504622962932,8,115,6.28272075557055,1.15504030621104,2.13309466362776,5,90° Turn,976423754
21-Jul-2025 12:23:57,5780.54005579725,8752.17265661232,8.09774213655471,116.369913239766,5772.97835018552,8757.95613979392,-3.63192399791638,7.12805219350694,8,117,9.51987759744362,0.0977421365547144,0.630086760234139,5,90° Turn,976423754
21-Jul-2025 12:24:07,5735.74789438629,8825.91354386455,7.76726508713767,119.623183128545,5734.19358056582,8827.92571636507,-3.8784769619707,6.99695765711516,8,119,2.54258325810122,0.232734912862326,0.62318312854497,5,90° Turn,976423754
21-Jul-2025 12:24:17,5689.57212731834,8896.7533249332,6.58231300222679,122.761075826248,5692.99053457301,8896.49910042124,-4.12030459928044,6.85733840561689,8,121,3.42784746761894,1.41768699777321,1.76107582624752,5,90° Turn,976423754
21-Jul-2025 12:24:27,5648.9993361218,8960.73186559753,7.48893367543638,127.14666373597,5649.41941177181,8963.59274585687,-4.35711228012022,6.70936454356339,8,123,2.89155657216078,0.511066324563624,4.14666373597023,5,90° Turn,976423754
21-Jul-2025 12:24:37,5604.00480509454,9022.48738376223,6.98530052444829,123.671086628967,5603.53329686373,9029.12490939999,-4.58861149080838,6.55321635431193,8,125,6.65425176887816,1.01469947555171,1.32891337103269,5,90° Turn,976423754
21-Jul-2025 12:24:47,5550.74007408739,9097.20877262181,6.17502819414993,121.994338983973,5555.38809501156,9093.01575020378,-4.81452018521639,6.38908408037834,8,127,6.25983510243877,1.82497180585007,5.00566101602713,5,90° Turn,976423754
21-Jul-2025 12:24:57,5504.54431258247,9148.61494941194,8.37457724401783,132.02012388819,5505.04246372758,9155.18742712033,-5.03456312839871,6.21716769165576,8,129,6.59132898516898,0.374577244017829,3.02012388818951,5,90° Turn,976423754
21-Jul-2025 12:25:07,5447.49999845671,9211.28969473471,9.84002461014084,132.707978052677,5452.55774140833,9215.56419353816,-5.24847223192407,6.03767664178217,8,131,6.62209210034026,1.84002461014084,1.70797805267644,5,90° Turn,976423754
21-Jul-2025 12:25:17,5399.01349512371,9271.66839549523,9.1466332723868,135.18980697935,5397.99787260334,9274.07248966769,-5.45598688049999,5.85082961295336,8,133,2.60981951367535,1.1466332723868,2.18980697934964,5,90° Turn,976423754
21-Jul-2025 12:25:27,5346.46378871846,9334.97583003427,6.04993367085189,136.738219961404,5341.42933010841,9330.64103216261,-5.65685424949239,5.65685424949237,8,135,6.64351157780615,1.95006632914811,1.73821996140369,5,90° Turn,976423754
21-Jul-2025 12:25:37,5284.94271941104,9376.89777713613,9.68152154718268,139.248303098687,5282.92103397888,9385.20090096761,-5.85082961295337,5.45598688049998,8,137,8.54570519896217,1.68152154718268,2.24830309868701,5,90° Turn,976423754
21-Jul-2025 12:25:47,5218.42442919942,9430.25904385909,7.04816438890272,138.163786896218,5222.54426756105,9437.68562328685,-6.03767664178218,5.24847223192405,8,139,8.49277046215662,0.951835611097279,0.836213103782045,5,90° Turn,976423754
21-Jul-2025 12:25:57,5163.61892985148,9481.86890439418,8.6380706291974,140.124066202596,5160.3725906445,9488.03125457084,-6.21716769165577,5.03456312839869,8,141,6.9651473743558,0.638070629197397,0.875933797404061,5,90° Turn,976423754
21-Jul-2025 12:26:07,5099.53490084519,9534.11768057006,7.21817598582531,142.732548620368,5096.48174984071,9536.176456423,-6.38908408037835,4.81452018521638,8,143,3.68242977785457,0.781824014174686,0.267451379632285,5,90° Turn,976423754
21-Jul-2025 12:26:17,5026.15380974024,9586.37028711603,8.94937799132588,143.147543080262,5030.94958629759,9582.06257133109,-6.55321635431194,4.58861149080836,8,145,6.44638565957594,0.949377991325884,1.852456919738,5,90° Turn,976423754
21-Jul-2025 12:26:27,4966.66283181063,9615.72751371367,8.06984037982384,146.685703029343,4963.85594086196,9625.63369413229,-6.7093645435634,4.35711228012021,8,147,10.2961666305407,0.0698403798238356,0.314296970657118,5,90° Turn,976423754
21-Jul-2025 12:26:37,4884.88052631139,9671.01626931209,7.97638831081288,151.232533597671,4895.28255680579,9666.83674012509,-6.8573384056169,4.12030459928042,8,149,11.2102944935216,0.023611689187125,2.23253359767065,5,90° Turn,976423754
21-Jul-2025 12:26:47,4830.51195614009,9702.17070763706,7.87532990508798,150.858921279296,4825.31298023464,9705.6215097448,-6.99695765711517,3.87847696197068,8,151,6.23998282467555,0.124670094912015,0.141078720704484,5,90° Turn,976423754
21-Jul-2025 12:26:57,4756.31936864916,9743.65075785743,7.58929173686323,154.297539821369,4754.03245829957,9741.94074972397,-7.12805219350695,3.63192399791636,8,153,2.85553616044276,0.410708263136767,1.29753982136943,5,90° Turn,976423754
21-Jul-2025 12:27:07,4673.64732927273,9766.89420084995,7.3983021082704,154.865587345102,4681.52783533664,9775.75021066322,-7.25046229629321,3.38094609392558,8,155,11.8545892225789,0.601697891729598,0.134412654898226,5,90° Turn,976423754
21-Jul-2025 12:27:17,4604.06920118995,9802.91950974552,7.72806672995116,154.836289338488,4607.88744706044,9807.00870094236,-7.36403882761953,3.12584902791418,8,157,5.59468374189784,0.271933270048836,2.16371066151248,5,90° Turn,976423754
21-Jul-2025 12:27:27,4527.19865496132,9835.70083385009,8.50399762772111,160.945178842587,4533.20101294067,9835.67813690599,-7.46864341197762,2.86694359636239,8,159,6.00240089160081,0.503997627721112,1.94517884258723,5,90° Turn,976423754
21-Jul-2025 12:27:37,4454.96444456285,9858.99932744689,6.53024592627266,160.039992719746,4457.55952689272,9861.72358926256,-7.56414860479454,2.60454523565724,8,161,3.76245328730514,1.46975407372734,0.960007280254467,5,90° Turn,976423754
21-Jul-2025 12:27:47,4390.21814435357,9892.49510731182,7.46872650888217,160.850045624729,4381.05514641568,9885.11332564038,-7.65043804770429,2.33897363778188,8,163,11.7665301535555,0.531273491117828,2.14995437527122,5,90° Turn,976423754
21-Jul-2025 12:27:57,4308.65657418723,9892.54938095017,8.38568997112746,162.89580934974,4303.78108031255,9905.81884924858,-7.72740661031255,2.07055236082015,8,165,14.1368040746376,0.385689971127462,2.10419065026036,5,90° Turn,976423754
21-Jul-2025 12:28:07,4237.61234235861,9927.26991995166,7.50133378598354,166.040893837031,4231.33664334087,9925.23027763127,-7.24444369716802,1.94114283826889,7.5,165,6.59882860486344,0.00133378598354117,1.04089383703126,6,Decel,976423754
21-Jul-2025 12:28:17,4172.1372218429,9940.83610121153,8.77269845133585,162.880914303119,4163.72183550064,9943.34761078845,-6.76148078402348,1.81173331571763,7,165,8.78216417772398,1.77269845133585,2.11908569688089,6,Decel,976423754
21-Jul-2025 12:28:27,4102.165899024,9963.01860900686,5.90688140166031,167.295912348706,4100.93665679185,9960.17084872011,-6.27851787087895,1.68232379316637,6.5,165,3.1017374350646,0.593118598339689,2.29591234870541,6,Decel,976423754
21-Jul-2025 12:28:37,4044.64376003223,9979.42439583565,5.39299428730762,164.973572601653,4042.9811072145,9975.69999142626,-5.79555495773441,1.55291427061511,6,165,4.07867657420666,0.60700571269238,0.0264273983472401,6,Decel,976423754
21-Jul-2025 12:28:47,3989.82004260983,9983.18643335225,7.22877034692959,164.807506664279,3989.8551867686,9989.9350389069,-5.31259204458988,1.42350474806385,5.5,165,6.74869706270635,1.72877034692959,0.192493335721285,6,Decel,976423754
21-Jul-2025 12:28:57,3955.28670159254,10000.6379553139,6.139398978785,165.09587941744,3941.55889545415,10002.875991162,-4.82962913144534,1.29409522551259,5,165,13.9090425921614,1.139398978785,0.0958794174398471,6,Decel,976423754
21-Jul-2025 12:29:07,3900.17096802913,10012.5764703802,5.24590820721473,166.711602706459,3898.09223327114,10014.5228481916,-4.34666621830081,1.16468570296133,4.5,165,2.84772273562523,0.745908207214728,1.71160270645905,6,Decel,976423754
21-Jul-2025 12:29:17,3856.64735343059,10027.6021473046,2.37313496439573,163.116634195492,3859.45520021958,10024.8756099957,-3.86370330515628,1.03527618041008,4,165,3.91382284816124,1.62686503560427,1.88336580450808,6,Decel,976423754
21-Jul-2025 12:29:27,3819.89767332673,10028.9191500794,3.18256179013861,164.968028333569,3825.64779629946,10033.9342765743,-3.38074039201174,0.905866657858816,3.5,165,7.62990222493741,0.31743820986139,0.0319716664311695,6,Decel,976423754
21-Jul-2025 12:29:37,3799.53547518077,10050.6323487518,3.48683600990387,167.6908905046,3796.67002151079,10041.6988479274,-2.89777747886721,0.776457135307557,3,165,9.38180482178016,0.486836009903867,2.69089050460029,6,Decel,976423754
21-Jul-2025 12:29:47,3772.77005534901,10048.2458220587,3.39256549358267,165.768606049763,3772.52187585356,10048.169324055,-2.41481456572267,0.647047612756297,2.5,165,0.259701764593113,0.892565493582667,0.768606049762666,6,Decel,976423754
21-Jul-2025 12:29:57,3748.77754918665,10056.1137375429,2.11530176999309,165.119297905171,3748.37373019634,10054.6398001825,-2.41481456572267,0.647047612756297,2.5,165,1.5282542717823,0.384698230006906,0.119297905171065,6,Decel,976423754
21-Jul-2025 12:30:07,3732.0095142558,10061.5943474373,2.76767144428554,165.296745826714,3724.22558453911,10061.1102763101,-2.41481456572267,0.647047612756297,2.5,165,7.79896702715089,0.267671444285539,0.296745826714007,6,Decel,976423754
21-Jul-2025 12:30:17,3701.91502224577,10066.417635831,3.008586868827,162.781447548625,3700.07743888188,10067.5807524377,-2.41481456572267,0.647047612756297,2.5,165,2.1747535170295,0.508586868826996,2.2185524513752,6,Decel,976423754
21-Jul-2025 12:30:27,3684.98124696287,10071.9874991941,3.18081369433005,164.736824804721,3675.92929322466,10074.0512285652,-2.41481456572267,0.647047612756297,2.5,165,9.28422562176986,0.680813694330053,0.263175195279563,6,Decel,976423754
21-Jul-2025 12:30:37,3651.49692970966,10076.8864121254,2.70979859798835,166.335096260879,3651.78114756743,10080.5217046928,-2.41481456572267,0.647047612756297,2.5,165,3.64638613442643,0.209798597988349,1.33509626087878,6,Decel,976423754
21-Jul-2025 12:30:47,3621.60122511914,10083.6410645704,2.45877031756409,168.008038883013,3627.6330019102,10086.9921808203,-2.41481456572267,0.647047612756297,2.5,165,6.90016748912619,0.0412296824359131,3.00803888301261,6,Decel,976423754
21-Jul-2025 12:30:57,3599.82023109187,10094.3269918352,2.85273758734527,164.123414688501,3603.48485625298,10093.4626569479,-2.41481456572267,0.647047612756297,2.5,165,3.76517627326028,0.352737587345269,0.876585311498873,6,Decel,976423754
21-Jul-2025 12:31:07,3581.13249260682,10105.43674849,3.46622702778751,163.587106877191,3579.33671059575,10099.9331330755,-2.41481456572267,0.647047612756297,2.5,165,5.78918091460598,0.966227027787511,1.41289312280867,6,Decel,976423754
21-Jul-2025 12:31:17,3563.80344798164,10096.7608394095,2.35563621325702,163.650064283033,3555.18856493852,10106.403609203,-2.41481456572267,0.647047612756297,2.5,165,12.9305537057418,0.144363786742976,1.34993571696717,6,Decel,976423754
21-Jul-2025 12:31:27,3538.22755600608,10112.2307412612,2.79177275568263,164.999026592749,3531.0404192813,10112.8740853306,-2.41481456572267,0.647047612756297,2.5,165,7.21587318987607,0.291772755682626,0.000973407250846991,6,Decel,976423754
21-Jul-2025 12:31:37,3507.59349264133,10118.1626693583,3.47812179755219,167.119864145766,3506.89227362407,10119.3445614582,-2.41481456572267,0.647047612756297,2.5,165,1.37425508760492,0.978121797552186,2.11986414576611,6,Decel,976423754
21-Jul-2025 12:31:47,3478.54623486507,10119.3431822862,1.48324369662848,165.720284833828,3482.74412796684,10125.8150375857,-2.41481456572267,0.647047612756297,2.5,165,7.71409213785654,1.01675630337152,0.720284833827634,6,Decel,976423754
21-Jul-2025 12:31:57,3455.27182187612,10126.1377571363,2.29877386678018,166.278214215293,3458.59598230961,10132.2855137133,-2.41481456572267,0.647047612756297,2.5,165,6.98891647659851,0.201226133219818,1.2782142152929,6,Decel,976423754
21-Jul-2025 12:32:07,3439.41378207322,10138.347844192,2.50988252372765,162.518855394994,3434.44783665239,10138.7559898408,-2.41481456572267,0.647047612756297,2.5,165,4.9826897147421,0.00988252372764631,2.4811446050062,6,Decel,976423754
21-Jul-2025 12:32:17,3406.21961782173,10143.7722893118,2.08801390082494,164.590678613526,3410.29969099516,10145.2264659684,-2.41481456572267,0.647047612756297,2.5,165,4.33146936375199,0.411986099175059,0.40932138647369,6,Decel,976423754
21-Jul-2025 12:32:27,3385.42085633589,10149.7822903292,2.34022405771095,167.164576328996,3386.15154533793,10151.696942096,-2.41481456572267,0.647047612756297,2.5,165,2.04934082224417,0.159775942289046,2.16457632899634,6,Decel,976423754
21-Jul-2025 12:32:37,3359.52321358416,10160.4654352245,2.74850013190111,163.889918489382,3362.00339968071,10158.1674182235,-2.41481456572267,0.647047612756297,2.5,165,3.38115441978848,0.248500131901106,1.11008151061775,6,Decel,976423754
21-Jul-2025 12:32:47,3336.65282253188,10166.018786233,2.98181619417648,165.295422301045,3337.85525402348,10164.6378943511,-2.41481456572267,0.647047612756297,2.5,165,1.83103901694941,0.481816194176477,0.29542230104456,6,Decel,976423754
21-Jul-2025 12:32:57,3318.22910052027,10170.0267854094,2.05500969757359,162.989916749238,3313.70710836625,10171.1083704787,-2.41481456572267,0.647047612756297,2.5,165,4.64954183796529,0.444990302426405,2.01008325076231,6,Decel,976423754
21-Jul-2025 12:33:07,3282.85687291026,10174.3284541988,1.11569332363865,162.425879861935,3289.55896270903,10177.5788466062,-2.41481456572267,0.647047612756297,2.5,165,7.44869508522518,1.38430667636135,2.57412013806541,7,Const Vel 3,976423754
21-Jul-2025 12:33:17,3258.80271092718,10179.8618141816,2.74156980199763,165.022230842026,3265.4108170518,10184.0493227338,-2.41481456572267,0.647047612756297,2.5,165,7.82318953043278,0.241569801997634,0.0222308420260891,7,Const Vel 3,976423754
21-Jul-2025 12:33:27,3251.22872008239,10189.7278058559,2.66041090623578,164.490966938251,3241.26267139457,10190.5197988613,-2.41481456572267,0.647047612756297,2.5,165,9.99746864804565,0.160410906235784,0.509033061749057,7,Const Vel 3,976423754
21-Jul-2025 12:33:37,3221.82448685546,10195.0181464319,2.25448311685024,168.36852622491,3217.11452573735,10196.9902749889,-2.41481456572267,0.647047612756297,2.5,165,5.10617516144779,0.245516883149762,3.36852622490989,7,Const Vel 3,976423754
21-Jul-2025 12:33:47,3199.6515712834,10201.3700662506,4.03546746450104,165.903216955836,3192.96638008012,10203.4607511165,-2.41481456572267,0.647047612756297,2.5,165,7.00448032566496,1.53546746450104,0.903216955836083,7,Const Vel 3,976423754
21-Jul-2025 12:33:57,3164.59829328523,10208.4723834774,2.47822208813726,164.513270975648,3168.81823442289,10209.931227244,-2.41481456572267,0.647047612756297,2.5,165,4.46498917590369,0.0217779118627353,0.486729024352146,7,Const Vel 3,976423754
21-Jul-2025 12:34:07,3140.09690828958,10211.6566137496,2.44533075618279,163.858602341053,3144.67008876566,10216.4017033716,-2.41481456572267,0.647047612756297,2.5,165,6.5901331692035,0.0546692438172136,1.14139765894725,7,Const Vel 3,976423754
21-Jul-2025 12:34:17,3124.57787452128,10218.8316234989,4.33858825306674,165.390585274294,3120.52194310844,10222.8721794992,-2.41481456572267,0.647047612756297,2.5,165,5.72509147672092,1.83858825306674,0.390585274294088,7,Const Vel 3,976423754
21-Jul-2025 12:34:27,3097.33911896988,10224.8855779448,1.92412007068311,165.207894975683,3096.37379745121,10229.3426556267,-2.41481456572267,0.647047612756297,2.5,165,4.56041523296768,0.575879929316888,0.207894975682481,7,Const Vel 3,976423754
21-Jul-2025 12:34:37,3073.80751165375,10236.1598799298,2.04823902104717,167.565919093417,3072.22565179398,10235.8131317543,-2.41481456572267,0.647047612756297,2.5,165,1.61941807854724,0.451760978952827,2.56591909341736,7,Const Vel 3,976423754
21-Jul-2025 12:34:47,3054.51219147995,10248.0463143876,3.49760391963289,167.958998238818,3048.07750613676,10242.2836078818,-2.41481456572267,0.647047612756297,2.5,165,8.63793735429882,0.997603919632893,2.9589982388175,7,Const Vel 3,976423754
21-Jul-2025 12:34:57,3024.02159640145,10257.1077752445,3.20147284568067,165.679064433678,3023.92936047953,10248.7540840094,-2.41481456572267,0.647047612756297,2.5,165,8.35420042351568,0.701472845680668,0.679064433678322,7,Const Vel 3,976423754
21-Jul-2025 12:35:07,3006.97164673867,10258.0852797971,3.31227497701615,167.202979179573,2999.7812148223,10255.224560137,-2.41481456572267,0.647047612756297,2.5,165,7.73860634207076,0.812274977016145,2.20297917957311,7,Const Vel 3,976423754
21-Jul-2025 12:35:17,2979.04049401712,10252.5261428066,2.77580397410919,164.214440473619,2975.63306916508,10261.6950362645,-2.41481456572267,0.647047612756297,2.5,165,9.78157202936582,0.275803974109194,0.785559526380679,7,Const Vel 3,976423754
21-Jul-2025 12:35:27,2954.11135282919,10262.0303234899,4.95030829107223,166.636522411531,2951.48492350785,10268.1655123921,-2.41481456572267,0.647047612756297,2.5,165,6.67373012984348,2.45030829107223,1.63652241153038,7,Const Vel 3,976423754
21-Jul-2025 12:35:37,2929.84253459767,10276.2676178095,1.82447884155686,164.626626331508,2927.33677785062,10274.6359885197,-2.41481456572267,0.647047612756297,2.5,165,2.9901556840561,0.675521158443142,0.373373668491814,7,Const Vel 3,976423754
21-Jul-2025 12:35:47,2899.73432752265,10277.7580022714,3.40989511885261,162.187800718491,2903.1886321934,10281.1064646472,-2.41481456572267,0.647047612756297,2.5,165,4.81086489529392,0.909895118852614,2.81219928150949,7,Const Vel 3,976423754
21-Jul-2025 12:35:57,2886.97066561242,10291.0419759003,2.20434458290507,163.817706145161,2879.04048653617,10287.5769407748,-2.41481456572267,0.647047612756297,2.5,165,8.65414401325518,0.29565541709493,1.18229385483922,7,Const Vel 3,976423754
21-Jul-2025 12:36:07,2859.79933201448,10295.2424540409,1.54695084933854,166.703640754735,2854.89234087894,10294.0474169023,-2.41481456572267,0.647047612756297,2.5,165,5.05041342532723,0.953049150661464,1.70364075473452,7,Const Vel 3,976423754
21-Jul-2025 12:36:17,2834.00042627146,10304.5984875442,1.77922781700524,166.708107501844,2830.74419522172,10300.5178930299,-2.41481456572267,0.647047612756297,2.5,165,5.22056436024847,0.720772182994756,1.70810750184422,7,Const Vel 3,976423754
21-Jul-2025 12:36:27,2802.87665423406,10307.9870798238,4.74571362470526,165.864338553747,2806.59604956449,10306.9883691575,-2.41481456572267,0.647047612756297,2.5,165,3.85114588389951,2.24571362470526,0.864338553746835,7,Const Vel 3,976423754
21-Jul-2025 12:36:37,2774.13139911621,10320.279506917,2.12783368402987,163.068999488414,2782.44790390726,10313.458845285,-2.41481456572267,0.647047612756297,2.5,165,10.7557276387,0.372166315970126,1.93100051158626,7,Const Vel 3,976423754
21-Jul-2025 12:36:47,2756.53296443935,10314.7294758311,3.37768616228086,166.565026676515,2758.29975825003,10319.9293214126,-2.41481456572267,0.647047612756297,2.5,165,5.49180793914128,0.877686162280865,1.56502667651536,7,Const Vel 3,976423754
21-Jul-2025 12:36:57,2736.35867454245,10332.7177204584,1.69569591502746,164.197328571295,2734.15161259281,10326.3997975402,-2.41481456572267,0.647047612756297,2.5,165,6.69232937401014,0.804304084972543,0.802671428704907,7,Const Vel 3,976423754
21-Jul-2025 12:37:07,2708.11245544543,10331.1672785432,3.05969255322679,165.366317509422,2710.00346693558,10332.8702736677,-2.41481456572267,0.647047612756297,2.5,165,2.54482157526847,0.559692553226787,0.36631750942155,7,Const Vel 3,976423754
21-Jul-2025 12:37:17,2681.2031461781,10346.4913811379,2.80950055929418,163.356330128722,2685.85532127835,10339.3407497953,-2.41481456572267,0.647047612756297,2.5,165,8.53078318568698,0.309500559294183,1.64366987127777,7,Const Vel 3,976423754
21-Jul-2025 12:37:27,2667.05928173238,10339.3066840885,2.89924169672914,165.804764209421,2661.70717562113,10345.8112259228,-2.41481456572267,0.647047612756297,2.5,165,8.42342592422471,0.399241696729135,0.804764209420528,7,Const Vel 3,976423754
21-Jul-2025 12:37:37,2649.41603701911,10355.7143448123,3.07923423965743,166.424159466402,2637.5590299639,10352.2817020504,-2.41481456572267,0.647047612756297,2.5,165,12.3438913085699,0.579234239657434,1.424159466402,7,Const Vel 3,976423754
21-Jul-2025 12:37:47,2621.15611987356,10354.1917374473,1.60563185769213,165.557364085532,2613.41088430667,10358.752178178,-2.41481456572267,0.647047612756297,2.5,165,8.98811958336128,0.894368142307868,0.557364085531909,7,Const Vel 3,976423754
21-Jul-2025 12:37:57,2589.19273095683,10359.1467270719,1.40469276827071,165.623281340615,2589.26273864945,10365.2226543055,-2.41481456572267,0.647047612756297,2.5,165,6.07633053955902,1.09530723172929,0.623281340615355,7,Const Vel 3,976423754
21-Jul-2025 12:38:07,2570.72727473377,10368.7216865008,2.93004402447216,167.996102632095,2565.11459299222,10371.6931304331,-2.41481456572267,0.647047612756297,2.5,165,6.35072242934262,0.430044024472156,2.99610263209501,7,Const Vel 3,976423754
21-Jul-2025 12:38:17,2541.75275465389,10374.8805765369,2.54426096199161,164.892666102365,2540.96644733499,10378.1636065607,-2.41481456572267,0.647047612756297,2.5,165,3.37587993512053,0.0442609619916139,0.1073338976348,7,Const Vel 3,976423754
21-Jul-2025 12:38:27,2523.83992544692,10382.7399582499,2.81784978205574,162.871400157586,2516.81830167777,10384.6340826882,-2.41481456572267,0.647047612756297,2.5,165,7.27261354284111,0.31784978205574,2.12859984241454,7,Const Vel 3,976423754
21-Jul-2025 12:38:37,2489.18068924399,10394.7304897598,3.89682520394997,165.887966509993,2492.67015602054,10391.1045588158,-2.41481456572267,0.647047612756297,2.5,165,5.03227121642123,1.39682520394997,0.887966509992751,7,Const Vel 3,976423754
21-Jul-2025 12:38:47,2471.20066857588,10396.6452631529,2.09913099673345,168.109803033564,2468.52201036331,10397.5750349433,-2.41481456572267,0.647047612756297,2.5,165,2.83543390013562,0.400869003266554,3.10980303356424,7,Const Vel 3,976423754
